string,int,int
name,year,partition
NL_E_Balance,2050,1
BE_E_Balance,2050,2
DE_E_Balance,2050,1
FR_E_Balance,2050,2
DK_E_Balance,2050,1
UK_E_Balance,2050,1
IE_E_Balance,2050,2
CH_E_Balance,2050,4
AT_E_Balance,2050,4
LU_E_Balance,2050,4
CZ_E_Balance,2050,4
PL_E_Balance,2050,3
SE_E_Balance,2050,4
NO_E_Balance,2050,1
ES_E_Balance,2050,3
PT_E_Balance,2050,4
IT_E_Balance,2050,4
MT_E_Balance,2050,4
SI_E_Balance,2050,4
HU_E_Balance,2050,4
SK_E_Balance,2050,4
LT_E_Balance,2050,4
LV_E_Balance,2050,4
EE_E_Balance,2050,4
FI_E_Balance,2050,4
HR_E_Balance,2050,4
GR_E_Balance,2050,4
BG_E_Balance,2050,4
RO_E_Balance,2050,4
CY_E_Balance,2050,4
OBZLL_E_Balance,2050,1
OBZNL1_E_Balance,2050,1
OBZNL2_E_Balance,2050,1
OBZNL3_E_Balance,2050,1
OBZNL4_E_Balance,2050,1
OBZNL5_E_Balance,2050,1
OBZNL6_E_Balance,2050,1
OBZDE1_E_Balance,2050,1
OBZDK1_E_Balance,2050,1