string,int,int,#units
name,year,partition,initial_units
NL_E_ENS,2050,1,1
NL_Wind_Onshore,2050,1,1
NL_Wind_Offshore,2050,1,1
NL_Solar,2050,1,1
NL_Gas,2050,1,1
NL_OCGT,2050,2,1
BE_E_ENS,2050,2,1
BE_Wind_Onshore,2050,2,1
BE_Wind_Offshore,2050,2,1
BE_Solar,2050,2,1
BE_Hydro,2050,2,1
BE_Gas,2050,2,1
BE_OCGT,2050,2,1
DE_E_ENS,2050,1,1
DE_Wind_Onshore,2050,1,1
DE_Wind_Offshore,2050,1,1
DE_Solar,2050,1,1
DE_Hydro,2050,1,1
DE_Coal,2050,1,1
DE_Gas,2050,1,1
DE_OCGT,2050,1,1
FR_E_ENS,2050,2,1
FR_Wind_Onshore,2050,2,1
FR_Wind_Offshore,2050,2,1
FR_Solar,2050,2,1
FR_Hydro,2050,2,1
FR_Nuclear,2050,2,1
FR_Gas,2050,2,1
FR_OCGT,2050,2,1
DK_E_ENS,2050,1,1
DK_Wind_Onshore,2050,1,1
DK_Wind_Offshore,2050,1,1
DK_Solar,2050,1,1
DK_Gas,2050,1,1
DK_OCGT,2050,1,1
UK_E_ENS,2050,1,1
UK_Wind_Onshore,2050,1,1
UK_Wind_Offshore,2050,1,1
UK_Solar,2050,1,1
UK_Hydro,2050,1,1
UK_Nuclear,2050,1,1
UK_Gas,2050,1,1
UK_OCGT,2050,1,1
IE_E_ENS,2050,2,1
IE_Wind_Onshore,2050,2,1
IE_Wind_Offshore,2050,2,1
IE_Solar,2050,2,1
IE_Hydro,2050,2,1
IE_Gas,2050,2,1
IE_OCGT,2050,2,1
CH_E_ENS,2050,4,1
CH_Wind_Onshore,2050,4,1
CH_Solar,2050,4,1
CH_Hydro,2050,4,1
CH_Nuclear,2050,4,1
AT_E_ENS,2050,4,1
AT_Wind_Onshore,2050,4,1
AT_Solar,2050,4,1
AT_Hydro,2050,4,1
AT_Gas,2050,4,1
LU_E_ENS,2050,4,1
LU_Wind_Onshore,2050,4,1
LU_Solar,2050,4,1
LU_Hydro,2050,4,1
CZ_E_ENS,2050,4,1
CZ_Wind_Onshore,2050,4,1
CZ_Solar,2050,4,1
CZ_Hydro,2050,4,1
CZ_Nuclear,2050,4,1
CZ_Coal,2050,4,1
CZ_Gas,2050,4,1
PL_E_ENS,2050,3,1
PL_Wind_Onshore,2050,3,1
PL_Wind_Offshore,2050,3,1
PL_Solar,2050,3,1
PL_Hydro,2050,3,1
PL_Coal,2050,3,1
PL_Gas,2050,3,1
SE_E_ENS,2050,4,1
SE_Wind_Onshore,2050,4,1
SE_Wind_Offshore,2050,4,1
SE_Solar,2050,4,1
SE_Nuclear,2050,4,1
SE_Gas,2050,4,1
SE_OCGT,2050,4,1
NO_E_ENS,2050,1,1
NO_Wind_Onshore,2050,1,1
NO_Wind_Offshore,2050,1,1
NO_Solar,2050,1,1
ES_E_ENS,2050,3,1
ES_Wind_Onshore,2050,3,1
ES_Wind_Offshore,2050,3,1
ES_Solar,2050,3,1
ES_Hydro,2050,3,1
ES_Nuclear,2050,3,1
ES_Gas,2050,3,1
PT_E_ENS,2050,4,1
PT_Wind_Onshore,2050,4,1
PT_Wind_Offshore,2050,4,1
PT_Solar,2050,4,1
PT_Hydro,2050,4,1
PT_Gas,2050,4,1
IT_E_ENS,2050,4,1
IT_Wind_Onshore,2050,4,1
IT_Wind_Offshore,2050,4,1
IT_Solar,2050,4,1
IT_Hydro,2050,4,1
IT_Gas,2050,4,1
IT_OCGT,2050,4,1
MT_E_ENS,2050,4,1
MT_Solar,2050,4,1
MT_Gas,2050,4,1
SI_E_ENS,2050,4,1
SI_Wind_Onshore,2050,4,1
SI_Wind_Offshore,2050,4,1
SI_Solar,2050,4,1
SI_Hydro,2050,4,1
SI_Nuclear,2050,4,1
SI_Coal,2050,4,1
SI_Gas,2050,4,1
SI_OCGT,2050,4,1
HU_E_ENS,2050,4,1
HU_Wind_Onshore,2050,4,1
HU_Solar,2050,4,1
HU_Hydro,2050,4,1
HU_Nuclear,2050,4,1
HU_Gas,2050,4,1
HU_OCGT,2050,4,1
SK_E_ENS,2050,4,1
SK_Wind_Onshore,2050,4,1
SK_Solar,2050,4,1
SK_Hydro,2050,4,1
SK_Nuclear,2050,4,1
SK_Coal,2050,4,1
SK_Gas,2050,4,1
LT_E_ENS,2050,4,1
LT_Wind_Onshore,2050,4,1
LT_Wind_Offshore,2050,4,1
LT_Solar,2050,4,1
LT_Hydro,2050,4,1
LT_Gas,2050,4,1
LV_E_ENS,2050,4,1
LV_Wind_Onshore,2050,4,1
LV_Wind_Offshore,2050,4,1
LV_Solar,2050,4,1
LV_Hydro,2050,4,1
LV_Gas,2050,4,1
EE_E_ENS,2050,4,1
EE_Wind_Onshore,2050,4,1
EE_Wind_Offshore,2050,4,1
EE_Solar,2050,4,1
FI_E_ENS,2050,4,1
FI_Wind_Onshore,2050,4,1
FI_Wind_Offshore,2050,4,1
FI_Solar,2050,4,1
FI_Nuclear,2050,4,1
FI_Gas,2050,4,1
FI_OCGT,2050,4,1
HR_E_ENS,2050,4,1
HR_Wind_Onshore,2050,4,1
HR_Wind_Offshore,2050,4,1
HR_Solar,2050,4,1
HR_Hydro,2050,4,1
HR_Coal,2050,4,1
HR_Gas,2050,4,1
GR_E_ENS,2050,4,1
GR_Wind_Onshore,2050,4,1
GR_Wind_Offshore,2050,4,1
GR_Solar,2050,4,1
GR_Hydro,2050,4,1
GR_Gas,2050,4,1
GR_OCGT,2050,4,1
BG_E_ENS,2050,4,1
BG_Wind_Onshore,2050,4,1
BG_Solar,2050,4,1
BG_Hydro,2050,4,1
BG_Nuclear,2050,4,1
BG_Coal,2050,4,1
BG_Gas,2050,4,1
BG_OCGT,2050,4,1
RO_E_ENS,2050,4,1
RO_Wind_Onshore,2050,4,1
RO_Wind_Offshore,2050,4,1
RO_Solar,2050,4,1
RO_Hydro,2050,4,1
RO_Nuclear,2050,4,1
RO_Coal,2050,4,1
RO_Gas,2050,4,1
RO_OCGT,2050,4,1
CY_E_ENS,2050,4,1
CY_Wind_Onshore,2050,4,1
CY_Solar,2050,4,1
CY_Gas,2050,4,1
OBZLL_Wind_Offshore,2050,1,1
OBZNL1_Wind_Offshore,2050,1,1
OBZNL2_Wind_Offshore,2050,1,1
OBZNL3_Wind_Offshore,2050,1,1
OBZNL4_Wind_Offshore,2050,1,1
OBZNL5_Wind_Offshore,2050,1,1
OBZNL6_Wind_Offshore,2050,1,1
OBZDE1_Wind_Offshore,2050,1,1
OBZDK1_Wind_Offshore,2050,1,1
EU_SMR_CCS,2050,1,1
